quarter_number,total_revenue,previous_revenue,q_perc_change
1,25219278.1599,NULL,NULL
2,19902030.1754,25219278.1599,-21.08406097
3,15671980.2860,19902030.1754,-21.25436376
4,13732514.3818,15671980.2860,-12.37537228
